details,etat,marque,prix,adresse,image_lien
SAMSUNG 75 POUCES SMART TV 4K UHD,Neuf,Samsung,655‚ÄØ000,Plateau Dakar,https://i.roamcdn.net/hz/ed/listing-thumb-224w/8ad0fe655185d468ccdfa1670e54972a/-/horizon-files-prod/ed/picture/q8v5n4wp/39d4721bc1849d6420055bf33282b1c358b9d940.jpg
SMART TV FINIX 55 POUCES WIFI ANDROID UHD,Neuf,Autre,245‚ÄØ000,Keur Massar Dakar,https://i.roamcdn.net/hz/ed/listing-thumb-224w/c6334e31291bdc25658118841d9a062b/-/horizon-files-prod/ed/picture/q2j06q8k/060d23b0380b446aa3e0f8eec306a38c526392dc.jpg
"SMART LG 55"" UHD 4K (2024)",Neuf,LG,330‚ÄØ000,Pikine Dakar,https://i.roamcdn.net/hz/ed/listing-thumb-224w/0299adcb564bc6304da17d50ce9bae53/-/horizon-files-prod/ed/picture/qm5g7wjw/e918cd2e234ac57c128c9611e79257dd81368853.jpg
SMART TV FINIX 43 POUCES WIFI 10.8CM,Neuf,Autre,130‚ÄØ000,Keur Massar Dakar,https://i.roamcdn.net/hz/ed/listing-thumb-224w/b01ed3b3bf09b0c043c10adb7a28d999/-/horizon-files-prod/ed/picture/q6xdj8d4/8413d3b5aa91326d6cd9dbada5d78459c9ed4e6c.jpg
SAMSUNG 75 POUCES SMART TV 4K UHD,Neuf,Samsung,655‚ÄØ000,Plateau Dakar,https://i.roamcdn.net/hz/ed/listing-thumb-224w/8ad0fe655185d468ccdfa1670e54972a/-/horizon-files-prod/ed/picture/q8v5n4wp/39d4721bc1849d6420055bf33282b1c358b9d940.jpg
"SONY BRAVIA 85"" Google TV 4K",Neuf,Sony,1‚ÄØ400‚ÄØ000,Patte d‚Äòoie Dakar,https://i.roamcdn.net/hz/ed/listing-thumb-224w/1dcdb60393db61853fd6d95fce875688/-/horizon-files-prod/ed/picture/q56dkgzr/8df88d71128673c48709e6a19a7d5c4422f84059.jpg
"smart samsung 65"" uhd 4k full options",Neuf,Samsung,424‚ÄØ900,Ouakam Dakar,https://i.roamcdn.net/hz/ed/listing-thumb-224w/2b86b60f91fd3f39763bbe487cbf5dcc/-/horizon-files-prod/ed/picture/q44n2jwp/5e94d47e5d38bf80fcd32aea70f837eb4c1759ee.jpg
ASTECH TV LED 43 POUCES SMART TV WiFi,Neuf,Astech,132‚ÄØ000,Plateau Dakar,https://i.roamcdn.net/hz/ed/listing-thumb-224w/19bc30fb440b668c5812cbec3864c5a0/-/horizon-files-prod/ed/picture/qmkj9e2/6fcd8080094b3e2cda0948f877747498aa54135a.jpg
"SAMSUNG SMART 70"" UHD 4K",Neuf,Samsung,599‚ÄØ000,Pikine Dakar,https://i.roamcdn.net/hz/ed/listing-thumb-224w/64d14579147f4249ec27ca8a5998ce5a/-/horizon-files-prod/ed/picture/qv4wrnxk/85fe02f936d4a1b8e6f9bb4158e83d9c77171578.jpg
"tv smart haier 43"" android full options",Neuf,Haier,129‚ÄØ900,Ouakam Dakar,https://i.roamcdn.net/hz/ed/listing-thumb-224w/520b5a38d8e12ab9980e2d9820941966/-/horizon-files-prod/ed/picture/q78w56wd/fa60dbe1081489d1740fb43c9c561429d65c3b11.jpg
Tcl smart tv 75 pouces WiFi 4K USB UHD,Neuf,TCL,499‚ÄØ000,Plateau Dakar,https://i.roamcdn.net/hz/ed/listing-thumb-224w/3deccf6bad09117138e35bc464b3812f/-/horizon-files-prod/ed/picture/qwepwz5k/3f2581487df35df910020340d3320083a741e073.jpg
SAMSUNG 75 POUCES SMART TV 4K UHD,Neuf,Samsung,655‚ÄØ000,Plateau Dakar,https://i.roamcdn.net/hz/ed/listing-thumb-224w/8ad0fe655185d468ccdfa1670e54972a/-/horizon-files-prod/ed/picture/q8v5n4wp/39d4721bc1849d6420055bf33282b1c358b9d940.jpg
"SMART LG 55"" UHD 4K (2024)",Neuf,LG,330‚ÄØ000,Pikine Dakar,https://i.roamcdn.net/hz/ed/listing-thumb-224w/bafad0e8da6a769f5415e08cea1f4010/-/horizon-files-prod/ed/picture/qngpknw0/95864f82a714a33621e2be06d5c3b70418d59f4c.jpg
SAMSUNG 75 POUCES SMART TV 4K UHD,Neuf,Samsung,655‚ÄØ000,Plateau Dakar,https://i.roamcdn.net/hz/ed/listing-thumb-224w/8ad0fe655185d468ccdfa1670e54972a/-/horizon-files-prod/ed/picture/q8v5n4wp/39d4721bc1849d6420055bf33282b1c358b9d940.jpg
"LG SMART 86"" UHD 4K (2024)",Neuf,LG,1‚ÄØ200‚ÄØ000,Patte d‚Äòoie Dakar,https://i.roamcdn.net/hz/ed/listing-thumb-224w/2749e4019cb87ad12977e5a36bc11245/-/horizon-files-prod/ed/picture/q9mjzwj0/7a68866a69c5aaf30406d0e90daed860f75352bb.jpg
Gros √©lectronic √©lectrom√©nager smart tv,Neuf,Astech,350‚ÄØ000,Plateau Dakar,https://i.roamcdn.net/hz/ed/listing-thumb-224w/01b26a024517b1a2eb8d0ba0e0cc8c81/-/horizon-files-prod/ed/picture/qv4ez8jg/509ca4e1b1fd0e173a6559e246fd75b712159bd3.jpg
T√©l√©viseur Samsung 55 Pouces,Neuf,Samsung,290‚ÄØ000,Plateau Dakar,https://i.roamcdn.net/hz/ed/listing-thumb-224w/90de76f1de4595a86533ab69acb37488/-/horizon-files-prod/ed/picture/qngpk2mz/713b31853d7e4a4b9cfb728c5fca9beab50dc2c5.jpg
SMART TV TCL 55 POUCES 4K UHD ANDROID GOOGLE TV 139 CM,Neuf,TCL,235‚ÄØ000,Plateau Dakar,https://i.roamcdn.net/hz/ed/listing-thumb-224w/e7e9aad3488cc7caf8563cd8df7d1769/-/horizon-files-prod/ed/picture/qgqwk000/59e66c9f5fa3f5e63767a2af081dbc98b0303b72.jpg
"tv smart astech 55"" android ultra hd 4k full options",Neuf,Samsung,229‚ÄØ900,Ouakam Dakar,https://i.roamcdn.net/hz/ed/listing-thumb-224w/0b86954a497ec99cd1349bfb9cac9bca/-/horizon-files-prod/ed/picture/qxjpe9gm/a6245668c3d9d919ae03f9d40a5508446cff76a2.jpg
"LG SMART 70"" UT75 4K (2024)",Neuf,LG,599‚ÄØ000,Patte d‚Äòoie Dakar,https://i.roamcdn.net/hz/ed/listing-thumb-224w/8ff6b0be217c04efe8fecc305c9a9335/-/horizon-files-prod/ed/picture/q78wqx4z/56b9d7d2fbd84207aa783f8841614ed4ede66017.jpg
SAMSUNG 75 POUCES SMART TV 4K UHD,Neuf,Samsung,655‚ÄØ000,Plateau Dakar,https://i.roamcdn.net/hz/ed/listing-thumb-224w/8ad0fe655185d468ccdfa1670e54972a/-/horizon-files-prod/ed/picture/q8v5n4wp/39d4721bc1849d6420055bf33282b1c358b9d940.jpg
SAMSUNG DU7000 SMART TV 65 POUCES 4K ELECTRONIC,Neuf,Samsung,449‚ÄØ000,Plateau Dakar,https://i.roamcdn.net/hz/ed/listing-thumb-224w/626553154508e5d53b6b46519f7bb024/-/horizon-files-prod/ed/picture/q2j0w92v/5b16b8979c226e415544d7b1f0a493f44e9e5d37.png
"smart hisense 43"" full options",Neuf,Hisense,134‚ÄØ900,Ouakam Dakar,https://i.roamcdn.net/hz/ed/listing-thumb-224w/6b92698b7f0ba4d592321196351e7909/-/horizon-files-prod/ed/picture/q9mjjxp5/4c574da6829e1d65498eb4980a456b59b90dc560.jpg
"SAMSUNG QLED 85"" UHD 4K",Neuf,Samsung,1‚ÄØ300‚ÄØ000,Patte d‚Äòoie Dakar,https://i.roamcdn.net/hz/ed/listing-thumb-224w/774ed85403050377ff24f5c2a3a86e05/-/horizon-files-prod/ed/picture/q56d5dg6/446d091cee048cf1f2a3368216ad53b949abd052.jpg
SAMSUNG 75 POUCES SMART TV 4K UHD,Neuf,Samsung,655‚ÄØ000,Plateau Dakar,https://i.roamcdn.net/hz/ed/listing-thumb-224w/8ad0fe655185d468ccdfa1670e54972a/-/horizon-files-prod/ed/picture/q8v5n4wp/39d4721bc1849d6420055bf33282b1c358b9d940.jpg
SAMSUNG 75 POUCES SMART TV 4K UHD,Neuf,Samsung,655‚ÄØ000,Plateau Dakar,https://i.roamcdn.net/hz/ed/listing-thumb-224w/8ad0fe655185d468ccdfa1670e54972a/-/horizon-files-prod/ed/picture/q8v5n4wp/39d4721bc1849d6420055bf33282b1c358b9d940.jpg
SAMSUNG 75 POUCES SMART TV 4K UHD,Neuf,Samsung,655‚ÄØ000,Plateau Dakar,https://i.roamcdn.net/hz/ed/listing-thumb-224w/8ad0fe655185d468ccdfa1670e54972a/-/horizon-files-prod/ed/picture/q8v5n4wp/39d4721bc1849d6420055bf33282b1c358b9d940.jpg
SAMSUNG 75 POUCES SMART TV 4K UHD,Neuf,Samsung,655‚ÄØ000,Plateau Dakar,https://i.roamcdn.net/hz/ed/listing-thumb-224w/8ad0fe655185d468ccdfa1670e54972a/-/horizon-files-prod/ed/picture/q8v5n4wp/39d4721bc1849d6420055bf33282b1c358b9d940.jpg
T√âL√âVISEUR LG SMART TV 70 POUCES AI ThinQ 4K UHD,Neuf,LG,500‚ÄØ000,Liberte 6 Dakar,https://i.roamcdn.net/hz/ed/listing-thumb-224w/76429ea2e7058fb17b5a84b2ce9f593d/-/horizon-files-prod/ed/picture/q44ndpj4/35677c969ba449d159289c735c20023a0d009281.jpg
T√âL√âVISEUR SAMSUNG SMART TV 85 POUCES ULTRA HD,Neuf,Samsung,1‚ÄØ000‚ÄØ000,Liberte 6 Dakar,https://i.roamcdn.net/hz/ed/listing-thumb-224w/5463c66602fcde078c7781f8b3f53148/-/horizon-files-prod/ed/picture/qwepzkqd/c0e1183e61e74307f8d5a0fdc7105ed46c051ba2.jpg
T√âL√âVISEUR SAMSUNG 55 POUCES SMART ULTRA HD,Neuf,Samsung,320‚ÄØ000,Liberte 6 Dakar,https://i.roamcdn.net/hz/ed/listing-thumb-224w/159a87b14f3fa888bec8fcdf2b1d9d4a/-/horizon-files-prod/ed/picture/q0g729mk/668fb0bf298891df108faa3324f14ba70feeb851.jpg
"smart astech 65"" android uhd 4k full options",Neuf,Astech,329‚ÄØ900,Ouakam Dakar,https://i.roamcdn.net/hz/ed/listing-thumb-224w/59b3c929915c6a75130553c0a8080171/-/horizon-files-prod/ed/picture/qv4wv9mk/9c5eeb986abb09fba5ff92704fe0623b34ed351a.jpg
"Hisense Google TV 75"" UHD üá∫üá∏",Neuf,Hisense,599‚ÄØ000,Patte d‚Äòoie Dakar,https://i.roamcdn.net/hz/ed/listing-thumb-224w/134c3b46c66462e2b85b71c544efac1c/-/horizon-files-prod/ed/picture/q9mjm4m8/37f640004ec683ef39e2adac72b8547c5d777de0.jpg
SAMSUNG 75 POUCES SMART TV 4K UHD,Neuf,Samsung,655‚ÄØ000,Plateau Dakar,https://i.roamcdn.net/hz/ed/listing-thumb-224w/8ad0fe655185d468ccdfa1670e54972a/-/horizon-files-prod/ed/picture/q8v5n4wp/39d4721bc1849d6420055bf33282b1c358b9d940.jpg
"LG 70"" UT75 UHD 4K (2024)",Neuf,LG,599‚ÄØ900,Patte d‚Äòoie Dakar,https://i.roamcdn.net/hz/ed/listing-thumb-224w/c3f40611fd4f449c9d1bf6c311c8a419/-/horizon-files-prod/ed/picture/q44n9d4p/96f9a57c4de2c2649070d58732adfa6f544b4f51.jpg
SAMSUNG 75 POUCES SMART TV 4K UHD,Neuf,Samsung,655‚ÄØ000,Plateau Dakar,https://i.roamcdn.net/hz/ed/listing-thumb-224w/8ad0fe655185d468ccdfa1670e54972a/-/horizon-files-prod/ed/picture/q8v5n4wp/39d4721bc1849d6420055bf33282b1c358b9d940.jpg
SAMSUNG 75 POUCES SMART TV 4K UHD,Neuf,Samsung,655‚ÄØ000,Plateau Dakar,https://i.roamcdn.net/hz/ed/listing-thumb-224w/8ad0fe655185d468ccdfa1670e54972a/-/horizon-files-prod/ed/picture/q8v5n4wp/39d4721bc1849d6420055bf33282b1c358b9d940.jpg
"SAMSUNG SMART 85"" UHD 4K",Neuf,Samsung,1‚ÄØ200‚ÄØ000,Patte d‚Äòoie Dakar,https://i.roamcdn.net/hz/ed/listing-thumb-224w/842dbad8575d7942d572c4ee4118c992/-/horizon-files-prod/ed/picture/qrz8wggm/e65ba24c5f453d5e917a16329affc20cfa2e6200.jpg
SAMSUNG 75 POUCES SMART TV 4K UHD,Neuf,Samsung,655‚ÄØ000,Plateau Dakar,https://i.roamcdn.net/hz/ed/listing-thumb-224w/8ad0fe655185d468ccdfa1670e54972a/-/horizon-files-prod/ed/picture/q8v5n4wp/39d4721bc1849d6420055bf33282b1c358b9d940.jpg
SAMSUNG 75 POUCES SMART TV 4K UHD,Neuf,Samsung,655‚ÄØ000,Plateau Dakar,https://i.roamcdn.net/hz/ed/listing-thumb-224w/8ad0fe655185d468ccdfa1670e54972a/-/horizon-files-prod/ed/picture/q8v5n4wp/39d4721bc1849d6420055bf33282b1c358b9d940.jpg
"tv smart samsung 75"" uhd 4k full options",Neuf,Samsung,679‚ÄØ900,Ouakam Dakar,https://i.roamcdn.net/hz/ed/listing-thumb-224w/9e9cfdbad0bfbebe5be54680db7eeae7/-/horizon-files-prod/ed/picture/q2j02d46/85f5c854d5104dafa7a993002da8f710e7fe6c59.jpg
"tv smart hisense 55""",Neuf,Hisense,259‚ÄØ900,Ouakam Dakar,https://i.roamcdn.net/hz/ed/listing-thumb-224w/8e2e856bf7c315495236962a9da6faa5/-/horizon-files-prod/ed/picture/qgqwgex9/ef8b2bf97b8442e0efcee47454988b5f0c2ad1de.jpg
SAMSUNG 75 POUCES SMART TV 4K UHD,Neuf,Samsung,655‚ÄØ000,Plateau Dakar,https://i.roamcdn.net/hz/ed/listing-thumb-224w/8ad0fe655185d468ccdfa1670e54972a/-/horizon-files-prod/ed/picture/q8v5n4wp/39d4721bc1849d6420055bf33282b1c358b9d940.jpg
TV LED SMART ASTECH 43 POUCES WIFI,Neuf,Astech,130‚ÄØ000,Plateau Dakar,https://i.roamcdn.net/hz/ed/listing-thumb-224w/4314b706b34538be2b464c6aa93e9d94/-/horizon-files-prod/ed/picture/q875nwj/605bbbcaaaebd830412a2880879ca637f3c88565.jpg
AIWA 32 POUCES SMART TV WIFI,Neuf,Autre,89‚ÄØ000,Plateau Dakar,https://i.roamcdn.net/hz/ed/listing-thumb-224w/e27dcc9d265af5d64df56264868e1318/-/horizon-files-prod/ed/picture/q44n59e2/5e9ddcf17a2c618547dc4339d634305184502039.jpg
SAMSUNG 75 POUCES SMART TV 4K UHD,Neuf,Samsung,655‚ÄØ000,Plateau Dakar,https://i.roamcdn.net/hz/ed/listing-thumb-224w/8ad0fe655185d468ccdfa1670e54972a/-/horizon-files-prod/ed/picture/q8v5n4wp/39d4721bc1849d6420055bf33282b1c358b9d940.jpg
"SAMSUNG 65"" DU7000 (2024) üá∫üá∏",Neuf,Samsung,449‚ÄØ900,Pikine Dakar,https://i.roamcdn.net/hz/ed/listing-thumb-224w/394aefd8a3243785eacf4e061c59aaae/-/horizon-files-prod/ed/picture/qq42r65e/ad6605c9eb7e76c2d5ef00ecc28aa44ea7bc725a.jpg
Box TV 8GB | 128GB 12.1,Neuf,Autre,30‚ÄØ000,Grand-Yoff Dakar,https://i.roamcdn.net/hz/ed/listing-thumb-224w/e2299ac22607adcfc71afd69438dd8de/-/horizon-files-prod/ed/picture/qkrmkz5j/d9ecdc9a8a9487ac486bf95eda80893c8d8c33a9.jpg
"SMART TCL 43"" ANDROID 4K FULL OPTIONS",Neuf,TCL,149‚ÄØ900,Ouakam Dakar,https://i.roamcdn.net/hz/ed/listing-thumb-224w/be06537a19eab50732454712940248d3/-/horizon-files-prod/ed/picture/q0g2m9zw/bdcb7ccc96b274300a18b87959102b89e7593afb.jpg
SAMSUNG 75 POUCES SMART TV 4K UHD,Neuf,Samsung,655‚ÄØ000,Plateau Dakar,https://i.roamcdn.net/hz/ed/listing-thumb-224w/8ad0fe655185d468ccdfa1670e54972a/-/horizon-files-prod/ed/picture/q8v5n4wp/39d4721bc1849d6420055bf33282b1c358b9d940.jpg
"tv smart hisense 65"" uhd 4k full options",Neuf,Hisense,359‚ÄØ900,Ouakam Dakar,https://i.roamcdn.net/hz/ed/listing-thumb-224w/43298a595c2c4c3278ed999731ad5a1b/-/horizon-files-prod/ed/picture/qenvq9x9/80c8264dba13e98fc565860097a7b97368d27728.jpg
TREX IPTV MEILLEUR IPTV MONDIAL (Test Gratuit),Neuf,Autre,24‚ÄØ900,Grand-Dakar Dakar,https://i.roamcdn.net/hz/ed/listing-thumb-224w/9c24beee073161b91b16ec9b9a6fe094/-/horizon-files-prod/ed/picture/qpdm400p/c5a08e2a37ebceb8f07d6acec84702cad3c7ff02.jpg
SAMSUNG 75 POUCES SMART TV 4K UHD,Neuf,Samsung,655‚ÄØ000,Plateau Dakar,https://i.roamcdn.net/hz/ed/listing-thumb-224w/8ad0fe655185d468ccdfa1670e54972a/-/horizon-files-prod/ed/picture/q8v5n4wp/39d4721bc1849d6420055bf33282b1c358b9d940.jpg
"smart samsung crystal 55"" uhd 4k full options",Neuf,Samsung,299‚ÄØ900,Ouakam Dakar,https://i.roamcdn.net/hz/ed/listing-thumb-224w/e59dee2bbe3bdf23079131fdaf66d5b7/-/horizon-files-prod/ed/picture/qj4q7748/0253acebc44285d601c3e99f2cbcfaf901f50584.jpg
SAMSUNG 75 POUCES SMART TV 4K UHD,Neuf,Samsung,655‚ÄØ000,Plateau Dakar,https://i.roamcdn.net/hz/ed/listing-thumb-224w/8ad0fe655185d468ccdfa1670e54972a/-/horizon-files-prod/ed/picture/q8v5n4wp/39d4721bc1849d6420055bf33282b1c358b9d940.jpg
"SAMSUNG QLED 75"" UHD 4K",Neuf,Samsung,950‚ÄØ000,Patte d‚Äòoie Dakar,https://i.roamcdn.net/hz/ed/listing-thumb-224w/c5e82392862d244b2a00eda4c7009bf0/-/horizon-files-prod/ed/picture/q2j0vkeq/7e4752b7e7d5c3542a6527e6c0037784cace6898.jpg
SAMSUNG 75 POUCES SMART TV 4K UHD,Neuf,Samsung,655‚ÄØ000,Plateau Dakar,https://i.roamcdn.net/hz/ed/listing-thumb-224w/8ad0fe655185d468ccdfa1670e54972a/-/horizon-files-prod/ed/picture/q8v5n4wp/39d4721bc1849d6420055bf33282b1c358b9d940.jpg
"TV SMART ASTECH ANDROID 43""",Neuf,Astech,124‚ÄØ900,Ouakam Dakar,https://i.roamcdn.net/hz/ed/listing-thumb-224w/d18369729df7342eb67e69b1c0d1d644/-/horizon-files-prod/ed/picture/qxjd5n9w/79305f00d2dcbbad6241123375f9971edd27831a.jpg
SAMSUNG 75 POUCES SMART TV 4K UHD,Neuf,Samsung,655‚ÄØ000,Plateau Dakar,https://i.roamcdn.net/hz/ed/listing-thumb-224w/8ad0fe655185d468ccdfa1670e54972a/-/horizon-files-prod/ed/picture/q8v5n4wp/39d4721bc1849d6420055bf33282b1c358b9d940.jpg
SAMSUNG 75 POUCES SMART TV 4K UHD,Neuf,Samsung,655‚ÄØ000,Plateau Dakar,https://i.roamcdn.net/hz/ed/listing-thumb-224w/8ad0fe655185d468ccdfa1670e54972a/-/horizon-files-prod/ed/picture/q8v5n4wp/39d4721bc1849d6420055bf33282b1c358b9d940.jpg
"Google tv smart astech 50""  4k full options",Neuf,Astech,199‚ÄØ900,Ouakam Dakar,https://i.roamcdn.net/hz/ed/listing-thumb-224w/6f543d3724180c48354718b6f4a95f60/-/horizon-files-prod/ed/picture/q8v4867x/1eab1a1205510f94a98934ac019537a037e03412.jpg
ASTECH 32 POUCES SMART TV WIFI,Neuf,Astech,90‚ÄØ000,Plateau Dakar,https://i.roamcdn.net/hz/ed/listing-thumb-224w/8c7495c66ba02038daa751f5890e98f6/-/horizon-files-prod/ed/picture/q2jqdeee/ef2902ba0fab74a0f275c90176a427797f33ed68.jpg
SAMSUNG 75 POUCES SMART TV 4K UHD,Neuf,Samsung,655‚ÄØ000,Plateau Dakar,https://i.roamcdn.net/hz/ed/listing-thumb-224w/8ad0fe655185d468ccdfa1670e54972a/-/horizon-files-prod/ed/picture/q8v5n4wp/39d4721bc1849d6420055bf33282b1c358b9d940.jpg
SAMSUNG 75 POUCES SMART TV 4K UHD,Neuf,Samsung,655‚ÄØ000,Plateau Dakar,https://i.roamcdn.net/hz/ed/listing-thumb-224w/8ad0fe655185d468ccdfa1670e54972a/-/horizon-files-prod/ed/picture/q8v5n4wp/39d4721bc1849d6420055bf33282b1c358b9d940.jpg
SAMSUNG 75 POUCES SMART TV 4K UHD,Neuf,Samsung,655‚ÄØ000,Plateau Dakar,https://i.roamcdn.net/hz/ed/listing-thumb-224w/8ad0fe655185d468ccdfa1670e54972a/-/horizon-files-prod/ed/picture/q8v5n4wp/39d4721bc1849d6420055bf33282b1c358b9d940.jpg
SAMSUNG 75 POUCES SMART TV 4K UHD,Neuf,Samsung,655‚ÄØ000,Plateau Dakar,https://i.roamcdn.net/hz/ed/listing-thumb-224w/8ad0fe655185d468ccdfa1670e54972a/-/horizon-files-prod/ed/picture/q8v5n4wp/39d4721bc1849d6420055bf33282b1c358b9d940.jpg
SAMSUNG 75 POUCES SMART TV 4K UHD,Neuf,Samsung,655‚ÄØ000,Plateau Dakar,https://i.roamcdn.net/hz/ed/listing-thumb-224w/8ad0fe655185d468ccdfa1670e54972a/-/horizon-files-prod/ed/picture/q8v5n4wp/39d4721bc1849d6420055bf33282b1c358b9d940.jpg
SAMSUNG 75 POUCES SMART TV 4K UHD,Neuf,Samsung,655‚ÄØ000,Plateau Dakar,https://i.roamcdn.net/hz/ed/listing-thumb-224w/8ad0fe655185d468ccdfa1670e54972a/-/horizon-files-prod/ed/picture/q8v5n4wp/39d4721bc1849d6420055bf33282b1c358b9d940.jpg
R√âFRIG√âRATEUR VITRINE ASTECH,Neuf,Astech,250‚ÄØ000,Plateau Dakar,https://i.roamcdn.net/hz/ed/listing-thumb-224w/0d88a86af56717f2c951b5be56452d41/-/horizon-files-prod/ed/picture/q9mjz867/7bb4255dc1b66896d6e3c65ea11c7f49a1ebbdea.jpg
SAMSUNG 75 POUCES SMART TV 4K UHD,Neuf,Samsung,655‚ÄØ000,Plateau Dakar,https://i.roamcdn.net/hz/ed/listing-thumb-224w/8ad0fe655185d468ccdfa1670e54972a/-/horizon-files-prod/ed/picture/q8v5n4wp/39d4721bc1849d6420055bf33282b1c358b9d940.jpg
SAMSUNG 75 POUCES SMART TV 4K UHD,Neuf,Samsung,655‚ÄØ000,Plateau Dakar,https://i.roamcdn.net/hz/ed/listing-thumb-224w/8ad0fe655185d468ccdfa1670e54972a/-/horizon-files-prod/ed/picture/q8v5n4wp/39d4721bc1849d6420055bf33282b1c358b9d940.jpg
SAMSUNG 75 POUCES SMART TV 4K UHD,Neuf,Samsung,655‚ÄØ000,Plateau Dakar,https://i.roamcdn.net/hz/ed/listing-thumb-224w/8ad0fe655185d468ccdfa1670e54972a/-/horizon-files-prod/ed/picture/q8v5n4wp/39d4721bc1849d6420055bf33282b1c358b9d940.jpg
SAMSUNG 75 POUCES SMART TV 4K UHD,Neuf,Samsung,655‚ÄØ000,Plateau Dakar,https://i.roamcdn.net/hz/ed/listing-thumb-224w/8ad0fe655185d468ccdfa1670e54972a/-/horizon-files-prod/ed/picture/q8v5n4wp/39d4721bc1849d6420055bf33282b1c358b9d940.jpg
ABONNEMENT IPTV RAPIDE ET STABLE,Neuf,Autre,2‚ÄØ500,Plateau Dakar,https://i.roamcdn.net/hz/ed/listing-thumb-224w/9d7e8bfeb018f51cf5f03b27387ae64f/-/horizon-files-prod/ed/picture/qngp8evm/5300271321cd62f56102ca77c161274e2653217a.jpg
SAMSUNG 75 POUCES SMART TV 4K UHD,Neuf,Samsung,655‚ÄØ000,Plateau Dakar,https://i.roamcdn.net/hz/ed/listing-thumb-224w/8ad0fe655185d468ccdfa1670e54972a/-/horizon-files-prod/ed/picture/q8v5n4wp/39d4721bc1849d6420055bf33282b1c358b9d940.jpg
"smart hisense 58"" uhd 4k full options",Neuf,Hisense,289‚ÄØ900,Ouakam Dakar,https://i.roamcdn.net/hz/ed/listing-thumb-224w/598066c9cabc78f6296592ccf32a1406/-/horizon-files-prod/ed/picture/q0g7xdpz/dba2912cb570017af0b246da8e3e2978db50ad8c.jpg
SAMSUNG 75 POUCES SMART TV 4K UHD,Neuf,Samsung,655‚ÄØ000,Plateau Dakar,https://i.roamcdn.net/hz/ed/listing-thumb-224w/8ad0fe655185d468ccdfa1670e54972a/-/horizon-files-prod/ed/picture/q8v5n4wp/39d4721bc1849d6420055bf33282b1c358b9d940.jpg
SAMSUNG 75 POUCES SMART TV 4K UHD,Neuf,Samsung,655‚ÄØ000,Plateau Dakar,https://i.roamcdn.net/hz/ed/listing-thumb-224w/8ad0fe655185d468ccdfa1670e54972a/-/horizon-files-prod/ed/picture/q8v5n4wp/39d4721bc1849d6420055bf33282b1c358b9d940.jpg
T√©l√©viseur Samsung 75 Pouces,Neuf,Samsung,675‚ÄØ000,Plateau Dakar,https://i.roamcdn.net/hz/ed/listing-thumb-224w/1d35daf9872bc5484ff2293135fd5966/-/horizon-files-prod/ed/picture/q44n27z9/a262978ab6f88aea2cfa81bf6f6598354c36d14c.jpg
T√©l√©viseur Samsung 32 Pouces Smart,Neuf,Samsung,120‚ÄØ000,Plateau Dakar,https://i.roamcdn.net/hz/ed/listing-thumb-224w/736a8aba177bda290354bfe23d531adc/-/horizon-files-prod/ed/picture/qq42kg0k/0c6fc9f60106a18384707bb864abfa24ad6972da.jpg
SAMSUNG 75 POUCES SMART TV 4K UHD,Neuf,Samsung,655‚ÄØ000,Plateau Dakar,https://i.roamcdn.net/hz/ed/listing-thumb-224w/8ad0fe655185d468ccdfa1670e54972a/-/horizon-files-prod/ed/picture/q8v5n4wp/39d4721bc1849d6420055bf33282b1c358b9d940.jpg
LG 75 UR80,Neuf,LG,700‚ÄØ000,Sicap foire Dakar,https://i.roamcdn.net/hz/ed/listing-thumb-224w/ebef1581e0549b795462e8cec129edbd/-/horizon-files-prod/ed/picture/q8v4nmw0/b5781eb05cb8c9ec1af186a5c109ff076c9eb57d.jpg
SAMSUNG 75 POUCES SMART TV 4K UHD,Neuf,Samsung,655‚ÄØ000,Plateau Dakar,https://i.roamcdn.net/hz/ed/listing-thumb-224w/8ad0fe655185d468ccdfa1670e54972a/-/horizon-files-prod/ed/picture/q8v5n4wp/39d4721bc1849d6420055bf33282b1c358b9d940.jpg
8gb 128gb Box tv Android13,Neuf,Autre,35‚ÄØ000,Grand-Yoff Dakar,https://i.roamcdn.net/hz/ed/listing-thumb-224w/f2b490f725e5762915978cb34b44b70a/-/horizon-files-prod/ed/picture/q2jq5zrv/b3246faa7904d33282e7d4c2da376236bc78d410.jpg
"tv smart android 55"" uhd 4k full options",Neuf,Haier,229‚ÄØ900,Ouakam Dakar,https://i.roamcdn.net/hz/ed/listing-thumb-224w/4e21adf54deed3d195f4efde338198be/-/horizon-files-prod/ed/picture/qj4qrnk6/c0deedf66d4aaa7ec0d3ceb2a2dbfc11b19277fa.jpg
SAMSUNG 75 POUCES SMART TV 4K UHD,Neuf,Samsung,655‚ÄØ000,Plateau Dakar,https://i.roamcdn.net/hz/ed/listing-thumb-224w/8ad0fe655185d468ccdfa1670e54972a/-/horizon-files-prod/ed/picture/q8v5n4wp/39d4721bc1849d6420055bf33282b1c358b9d940.jpg
SAMSUNG 75 POUCES SMART TV 4K UHD,Neuf,Samsung,655‚ÄØ000,Plateau Dakar,https://i.roamcdn.net/hz/ed/listing-thumb-224w/8ad0fe655185d468ccdfa1670e54972a/-/horizon-files-prod/ed/picture/q8v5n4wp/39d4721bc1849d6420055bf33282b1c358b9d940.jpg
SAMSUNG 75 POUCES SMART TV 4K UHD,Neuf,Samsung,655‚ÄØ000,Plateau Dakar,https://i.roamcdn.net/hz/ed/listing-thumb-224w/8ad0fe655185d468ccdfa1670e54972a/-/horizon-files-prod/ed/picture/q8v5n4wp/39d4721bc1849d6420055bf33282b1c358b9d940.jpg
T√©l√©viseur Samsung 65 Pouces,Neuf,Samsung,410‚ÄØ000,Plateau Dakar,https://i.roamcdn.net/hz/ed/listing-thumb-224w/7b8fdf09cc4fd17b5d6532e49bd07d95/-/horizon-files-prod/ed/picture/q6xd2zen/2581099d6d55e840c9a2272a7f9dc4e006774e66.jpg
"TV SMART HAIER 65"" ANDROID UHD 4K FULL OPTIONS",Neuf,Haier,319‚ÄØ900,Ouakam Dakar,https://i.roamcdn.net/hz/ed/listing-thumb-224w/f23fde826f14cc41679993c7a4e701c5/-/horizon-files-prod/ed/picture/qxjp2e62/084d3d942ba237b567f7420224b03c7f5c36f041.jpg
SAMSUNG 75 POUCES SMART TV 4K UHD,Neuf,Samsung,655‚ÄØ000,Plateau Dakar,https://i.roamcdn.net/hz/ed/listing-thumb-224w/8ad0fe655185d468ccdfa1670e54972a/-/horizon-files-prod/ed/picture/q8v5n4wp/39d4721bc1849d6420055bf33282b1c358b9d940.jpg
SAMSUNG 75 POUCES SMART TV 4K UHD,Neuf,Samsung,655‚ÄØ000,Plateau Dakar,https://i.roamcdn.net/hz/ed/listing-thumb-224w/8ad0fe655185d468ccdfa1670e54972a/-/horizon-files-prod/ed/picture/q8v5n4wp/39d4721bc1849d6420055bf33282b1c358b9d940.jpg
SAMSUNG 75 POUCES SMART TV 4K UHD,Neuf,Samsung,655‚ÄØ000,Plateau Dakar,https://i.roamcdn.net/hz/ed/listing-thumb-224w/8ad0fe655185d468ccdfa1670e54972a/-/horizon-files-prod/ed/picture/q8v5n4wp/39d4721bc1849d6420055bf33282b1c358b9d940.jpg
Promo t√©l√©viseur hisense 55 pouces,Neuf,Hisense,259‚ÄØ000,Plateau Dakar,https://i.roamcdn.net/hz/ed/listing-thumb-224w/bd7c921c25b8bdc90b2fc6bb74d12a7c/-/horizon-files-prod/ed/picture/qm5ggz62/524f6aa5ebad3b23f53d6896700a60ede52fd78b.jpg
SAMSUNG 75 POUCES SMART TV 4K UHD,Neuf,Samsung,655‚ÄØ000,Plateau Dakar,https://i.roamcdn.net/hz/ed/listing-thumb-224w/8ad0fe655185d468ccdfa1670e54972a/-/horizon-files-prod/ed/picture/q8v5n4wp/39d4721bc1849d6420055bf33282b1c358b9d940.jpg
SAMSUNG 75 POUCES SMART TV 4K UHD,Neuf,Samsung,655‚ÄØ000,Plateau Dakar,https://i.roamcdn.net/hz/ed/listing-thumb-224w/8ad0fe655185d468ccdfa1670e54972a/-/horizon-files-prod/ed/picture/q8v5n4wp/39d4721bc1849d6420055bf33282b1c358b9d940.jpg
SAMSUNG 75 POUCES SMART TV 4K UHD,Neuf,Samsung,655‚ÄØ000,Plateau Dakar,https://i.roamcdn.net/hz/ed/listing-thumb-224w/8ad0fe655185d468ccdfa1670e54972a/-/horizon-files-prod/ed/picture/q8v5n4wp/39d4721bc1849d6420055bf33282b1c358b9d940.jpg
SAMSUNG 75 POUCES SMART TV 4K UHD,Neuf,Samsung,655‚ÄØ000,Plateau Dakar,https://i.roamcdn.net/hz/ed/listing-thumb-224w/8ad0fe655185d468ccdfa1670e54972a/-/horizon-files-prod/ed/picture/q8v5n4wp/39d4721bc1849d6420055bf33282b1c358b9d940.jpg
SAMSUNG 75 POUCES SMART TV 4K UHD,Neuf,Samsung,655‚ÄØ000,Plateau Dakar,https://i.roamcdn.net/hz/ed/listing-thumb-224w/8ad0fe655185d468ccdfa1670e54972a/-/horizon-files-prod/ed/picture/q8v5n4wp/39d4721bc1849d6420055bf33282b1c358b9d940.jpg
SAMSUNG 75 POUCES SMART TV 4K UHD,Neuf,Samsung,655‚ÄØ000,Plateau Dakar,https://i.roamcdn.net/hz/ed/listing-thumb-224w/8ad0fe655185d468ccdfa1670e54972a/-/horizon-files-prod/ed/picture/q8v5n4wp/39d4721bc1849d6420055bf33282b1c358b9d940.jpg
barre de son hisense 200w,Neuf,Hisense,99‚ÄØ900,Ouakam Dakar,https://i.roamcdn.net/hz/ed/listing-thumb-224w/8246b41122cde1a62b515db7fc117d51/-/horizon-files-prod/ed/picture/qngpdq5w/36b5e132e682ea20c8fc35b37d3ec750faf35732.jpg
SAMSUNG 75 ( DU7200D) 2024,Neuf,Samsung,700‚ÄØ000,Sicap foire Dakar,https://i.roamcdn.net/hz/ed/listing-thumb-224w/529ba4c6c2f7d0d610aa397dee2a9337/-/horizon-files-prod/ed/picture/qzvpe80q/c95ea01a29c0b7fa10a2a88112ac4a8ae1599c58.jpg
SAMSUNG 75 POUCES SMART TV 4K UHD,Neuf,Samsung,655‚ÄØ000,Plateau Dakar,https://i.roamcdn.net/hz/ed/listing-thumb-224w/8ad0fe655185d468ccdfa1670e54972a/-/horizon-files-prod/ed/picture/q8v5n4wp/39d4721bc1849d6420055bf33282b1c358b9d940.jpg
SAMSUNG 65 (DU7200D) 2024,Neuf,Samsung,450‚ÄØ000,Sicap foire Dakar,https://i.roamcdn.net/hz/ed/listing-thumb-224w/e2550291483d195fc1aebe727bf9f4c1/-/horizon-files-prod/ed/picture/qrz85rxq/71b7f8cd275b66990d9c73e0be4ec5ef38c22458.jpg
Abonnement Iptv de luxe,Neuf,Autre,2‚ÄØ500,Travail √† distance T√©l√©travail,https://i.roamcdn.net/hz/ed/listing-thumb-224w/24d4e480b807ab64806a1b72bdaea8be/-/horizon-files-prod/ed/picture/qenvmk82/3f5824c663935aafc502af3c3646918368b0475b.jpg
IPTV HAUT DE GAMME !,Neuf,Autre,24‚ÄØ900,Mermoz Dakar,https://i.roamcdn.net/hz/ed/listing-thumb-224w/55d701809b8a48560dcfdb88d50d4cae/-/horizon-files-prod/ed/picture/qde7zg68/13ebe8d46bd91e595b200f4135b9116f16b438f3.jpg
SAMSUNG 75 POUCES SMART TV 4K UHD,Neuf,Samsung,655‚ÄØ000,Plateau Dakar,https://i.roamcdn.net/hz/ed/listing-thumb-224w/8ad0fe655185d468ccdfa1670e54972a/-/horizon-files-prod/ed/picture/q8v5n4wp/39d4721bc1849d6420055bf33282b1c358b9d940.jpg
SAMSUNG 75 POUCES SMART TV 4K UHD,Neuf,Samsung,655‚ÄØ000,Plateau Dakar,https://i.roamcdn.net/hz/ed/listing-thumb-224w/8ad0fe655185d468ccdfa1670e54972a/-/horizon-files-prod/ed/picture/q8v5n4wp/39d4721bc1849d6420055bf33282b1c358b9d940.jpg
SAMSUNG 75 POUCES SMART TV 4K UHD,Neuf,Samsung,655‚ÄØ000,Plateau Dakar,https://i.roamcdn.net/hz/ed/listing-thumb-224w/8ad0fe655185d468ccdfa1670e54972a/-/horizon-files-prod/ed/picture/q8v5n4wp/39d4721bc1849d6420055bf33282b1c358b9d940.jpg
SAMSUNG 75 POUCES SMART TV 4K UHD,Neuf,Samsung,655‚ÄØ000,Plateau Dakar,https://i.roamcdn.net/hz/ed/listing-thumb-224w/8ad0fe655185d468ccdfa1670e54972a/-/horizon-files-prod/ed/picture/q8v5n4wp/39d4721bc1849d6420055bf33282b1c358b9d940.jpg
SAMSUNG 75 POUCES SMART TV 4K UHD,Neuf,Samsung,655‚ÄØ000,Plateau Dakar,https://i.roamcdn.net/hz/ed/listing-thumb-224w/8ad0fe655185d468ccdfa1670e54972a/-/horizon-files-prod/ed/picture/q8v5n4wp/39d4721bc1849d6420055bf33282b1c358b9d940.jpg
TV SAMSUNG 55 DU7000 4K WiFi,Neuf,Samsung,330‚ÄØ000,Plateau Dakar,https://i.roamcdn.net/hz/ed/listing-thumb-224w/275d6418c4ac470604d8f4b9ec952abf/-/horizon-files-prod/ed/picture/q0vr72e/1639b8c52b3afcc16727039a93bf5d3f0db8fabf.jpg
SAMSUNG 75 POUCES SMART TV 4K UHD,Neuf,Samsung,655‚ÄØ000,Plateau Dakar,https://i.roamcdn.net/hz/ed/listing-thumb-224w/8ad0fe655185d468ccdfa1670e54972a/-/horizon-files-prod/ed/picture/q8v5n4wp/39d4721bc1849d6420055bf33282b1c358b9d940.jpg
SAMSUNG 75 POUCES SMART TV 4K UHD,Neuf,Samsung,655‚ÄØ000,Plateau Dakar,https://i.roamcdn.net/hz/ed/listing-thumb-224w/8ad0fe655185d468ccdfa1670e54972a/-/horizon-files-prod/ed/picture/q8v5n4wp/39d4721bc1849d6420055bf33282b1c358b9d940.jpg
SAMSUNG 75 POUCES SMART TV 4K UHD,Neuf,Samsung,655‚ÄØ000,Plateau Dakar,https://i.roamcdn.net/hz/ed/listing-thumb-224w/8ad0fe655185d468ccdfa1670e54972a/-/horizon-files-prod/ed/picture/q8v5n4wp/39d4721bc1849d6420055bf33282b1c358b9d940.jpg
SAMSUNG 75 POUCES SMART TV 4K UHD,Neuf,Samsung,655‚ÄØ000,Plateau Dakar,https://i.roamcdn.net/hz/ed/listing-thumb-224w/8ad0fe655185d468ccdfa1670e54972a/-/horizon-files-prod/ed/picture/q8v5n4wp/39d4721bc1849d6420055bf33282b1c358b9d940.jpg
SAMSUNG 75 POUCES SMART TV 4K UHD,Neuf,Samsung,655‚ÄØ000,Plateau Dakar,https://i.roamcdn.net/hz/ed/listing-thumb-224w/8ad0fe655185d468ccdfa1670e54972a/-/horizon-files-prod/ed/picture/q8v5n4wp/39d4721bc1849d6420055bf33282b1c358b9d940.jpg
"smart roch 32"" hd",Neuf,Roch,74‚ÄØ900,Ouakam Dakar,https://i.roamcdn.net/hz/ed/listing-thumb-224w/f8b635cdf331224b5bd8527ba9a4d2a2/-/horizon-files-prod/ed/picture/qj4qp0w5/244e3b41f537890aed3ea035ca87210dc65d3215.jpg
SAMSUNG 75 POUCES SMART TV 4K UHD,Neuf,Samsung,655‚ÄØ000,Plateau Dakar,https://i.roamcdn.net/hz/ed/listing-thumb-224w/8ad0fe655185d468ccdfa1670e54972a/-/horizon-files-prod/ed/picture/q8v5n4wp/39d4721bc1849d6420055bf33282b1c358b9d940.jpg
SAMSUNG 75 POUCES SMART TV 4K UHD,Neuf,Samsung,655‚ÄØ000,Plateau Dakar,https://i.roamcdn.net/hz/ed/listing-thumb-224w/8ad0fe655185d468ccdfa1670e54972a/-/horizon-files-prod/ed/picture/q8v5n4wp/39d4721bc1849d6420055bf33282b1c358b9d940.jpg
SAMSUNG 75 POUCES SMART TV 4K UHD,Neuf,Samsung,655‚ÄØ000,Plateau Dakar,https://i.roamcdn.net/hz/ed/listing-thumb-224w/8ad0fe655185d468ccdfa1670e54972a/-/horizon-files-prod/ed/picture/q8v5n4wp/39d4721bc1849d6420055bf33282b1c358b9d940.jpg
Promo t√©l√©viseur Astech 43 pouces smart android,Neuf,Astech,135‚ÄØ000,Plateau Dakar,https://i.roamcdn.net/hz/ed/listing-thumb-224w/2650e421d08d65773e58bec4c05233f9/-/horizon-files-prod/ed/picture/qq428x64/0cca30d9f3b94afdb470f9b324c2f45c155d4c51.jpg
SAMSUNG 75 POUCES SMART TV 4K UHD,Neuf,Samsung,655‚ÄØ000,Plateau Dakar,https://i.roamcdn.net/hz/ed/listing-thumb-224w/8ad0fe655185d468ccdfa1670e54972a/-/horizon-files-prod/ed/picture/q8v5n4wp/39d4721bc1849d6420055bf33282b1c358b9d940.jpg
Apple TV 4K 128GB,Neuf,Apple,120‚ÄØ000,Fen√™tre mermoz Dakar,https://i.roamcdn.net/hz/ed/listing-thumb-224w/56e60d06b7aa44ed3a1f36770da04320/-/horizon-files-prod/ed/picture/q9mm50xn/7a23ab54b68381ee2e46185f6568eaf875e7ae1b.jpg
LED TV SMART  TV SAMSUNG 55 POUCES 4K,Neuf,Samsung,340‚ÄØ000,Plateau Dakar,https://i.roamcdn.net/hz/ed/listing-thumb-224w/13c59979f42e1820299239220c0b30b4/-/horizon-files-prod/ed/picture/qz0dk5v/d6985927c2168a2be0306b3ca30429fd0896ee65.jpg
TV Box 8GB | 128GB 8K Android13,Neuf,Autre,40‚ÄØ000,Grand-Yoff Dakar,https://i.roamcdn.net/hz/ed/listing-thumb-224w/0f5b00f26a2bbab720968c869245ab27/-/horizon-files-prod/ed/picture/qq44ne7z/3a919f88ba177cc1c310ec45291ca477b0d6ce84.jpg
SAMSUNG 75 POUCES SMART TV 4K UHD,Neuf,Samsung,655‚ÄØ000,Plateau Dakar,https://i.roamcdn.net/hz/ed/listing-thumb-224w/8ad0fe655185d468ccdfa1670e54972a/-/horizon-files-prod/ed/picture/q8v5n4wp/39d4721bc1849d6420055bf33282b1c358b9d940.jpg
SAMSUNG 75 POUCES SMART TV 4K UHD,Neuf,Samsung,655‚ÄØ000,Plateau Dakar,https://i.roamcdn.net/hz/ed/listing-thumb-224w/8ad0fe655185d468ccdfa1670e54972a/-/horizon-files-prod/ed/picture/q8v5n4wp/39d4721bc1849d6420055bf33282b1c358b9d940.jpg
LG 65 UR80 ( 2024),Neuf,LG,450‚ÄØ000,Sicap foire Dakar,https://i.roamcdn.net/hz/ed/listing-thumb-224w/568320472b59ffd0af263cd01390178b/-/horizon-files-prod/ed/picture/qngpx8d0/ff28bc8235e2c83428766af18312f36aef08148a.jpg
SAMSUNG 75 POUCES SMART TV 4K UHD,Neuf,Samsung,655‚ÄØ000,Plateau Dakar,https://i.roamcdn.net/hz/ed/listing-thumb-224w/8ad0fe655185d468ccdfa1670e54972a/-/horizon-files-prod/ed/picture/q8v5n4wp/39d4721bc1849d6420055bf33282b1c358b9d940.jpg
SAMSUNG 75 POUCES SMART TV 4K UHD,Neuf,Samsung,655‚ÄØ000,Plateau Dakar,https://i.roamcdn.net/hz/ed/listing-thumb-224w/8ad0fe655185d468ccdfa1670e54972a/-/horizon-files-prod/ed/picture/q8v5n4wp/39d4721bc1849d6420055bf33282b1c358b9d940.jpg
SAMSUNG 75 POUCES SMART TV 4K UHD,Neuf,Samsung,655‚ÄØ000,Plateau Dakar,https://i.roamcdn.net/hz/ed/listing-thumb-224w/8ad0fe655185d468ccdfa1670e54972a/-/horizon-files-prod/ed/picture/q8v5n4wp/39d4721bc1849d6420055bf33282b1c358b9d940.jpg
SAMSUNG 75 POUCES SMART TV 4K UHD,Neuf,Samsung,655‚ÄØ000,Plateau Dakar,https://i.roamcdn.net/hz/ed/listing-thumb-224w/8ad0fe655185d468ccdfa1670e54972a/-/horizon-files-prod/ed/picture/q8v5n4wp/39d4721bc1849d6420055bf33282b1c358b9d940.jpg
SAMSUNG 75 POUCES SMART TV 4K UHD,Neuf,Samsung,655‚ÄØ000,Plateau Dakar,https://i.roamcdn.net/hz/ed/listing-thumb-224w/8ad0fe655185d468ccdfa1670e54972a/-/horizon-files-prod/ed/picture/q8v5n4wp/39d4721bc1849d6420055bf33282b1c358b9d940.jpg
SAMSUNG 75 POUCES SMART TV 4K UHD,Neuf,Samsung,655‚ÄØ000,Plateau Dakar,https://i.roamcdn.net/hz/ed/listing-thumb-224w/8ad0fe655185d468ccdfa1670e54972a/-/horizon-files-prod/ed/picture/q8v5n4wp/39d4721bc1849d6420055bf33282b1c358b9d940.jpg
SAMSUNG 75 POUCES SMART TV 4K UHD,Neuf,Samsung,655‚ÄØ000,Plateau Dakar,https://i.roamcdn.net/hz/ed/listing-thumb-224w/8ad0fe655185d468ccdfa1670e54972a/-/horizon-files-prod/ed/picture/q8v5n4wp/39d4721bc1849d6420055bf33282b1c358b9d940.jpg
T√âL√âVISEUR LG 65‚Äù SMART TV AI ThinQ 4K UHD,Neuf,LG,430‚ÄØ000,Liberte 6 Dakar,https://i.roamcdn.net/hz/ed/listing-thumb-224w/472c0c055e5b314131bc9f3c915e083d/-/horizon-files-prod/ed/picture/q56d4z5e/2e73420f97161be71e2678beb2b70cc77198e599.jpg
SAMSUNG 75 POUCES SMART TV 4K UHD,Neuf,Samsung,655‚ÄØ000,Plateau Dakar,https://i.roamcdn.net/hz/ed/listing-thumb-224w/8ad0fe655185d468ccdfa1670e54972a/-/horizon-files-prod/ed/picture/q8v5n4wp/39d4721bc1849d6420055bf33282b1c358b9d940.jpg
SAMSUNG 75 POUCES SMART TV 4K UHD,Neuf,Samsung,655‚ÄØ000,Plateau Dakar,https://i.roamcdn.net/hz/ed/listing-thumb-224w/8ad0fe655185d468ccdfa1670e54972a/-/horizon-files-prod/ed/picture/q8v5n4wp/39d4721bc1849d6420055bf33282b1c358b9d940.jpg
SAMSUNG 75 POUCES SMART TV 4K UHD,Neuf,Samsung,655‚ÄØ000,Plateau Dakar,https://i.roamcdn.net/hz/ed/listing-thumb-224w/8ad0fe655185d468ccdfa1670e54972a/-/horizon-files-prod/ed/picture/q8v5n4wp/39d4721bc1849d6420055bf33282b1c358b9d940.jpg
SAMSUNG 75 POUCES SMART TV 4K UHD,Neuf,Samsung,655‚ÄØ000,Plateau Dakar,https://i.roamcdn.net/hz/ed/listing-thumb-224w/8ad0fe655185d468ccdfa1670e54972a/-/horizon-files-prod/ed/picture/q8v5n4wp/39d4721bc1849d6420055bf33282b1c358b9d940.jpg
SAMSUNG 75 POUCES SMART TV 4K UHD,Neuf,Samsung,655‚ÄØ000,Plateau Dakar,https://i.roamcdn.net/hz/ed/listing-thumb-224w/8ad0fe655185d468ccdfa1670e54972a/-/horizon-files-prod/ed/picture/q8v5n4wp/39d4721bc1849d6420055bf33282b1c358b9d940.jpg
SAMSUNG 75 POUCES SMART TV 4K UHD,Neuf,Samsung,655‚ÄØ000,Plateau Dakar,https://i.roamcdn.net/hz/ed/listing-thumb-224w/8ad0fe655185d468ccdfa1670e54972a/-/horizon-files-prod/ed/picture/q8v5n4wp/39d4721bc1849d6420055bf33282b1c358b9d940.jpg
T√âL√âVISEUR LG 65POUCES QLED SMART 4K,Neuf,LG,385‚ÄØ000,Plateau Dakar,https://i.roamcdn.net/hz/ed/listing-thumb-224w/0f21d5684645cc4bae79cde155aa5fea/-/horizon-files-prod/ed/picture/q8v4gp57/100529a1645bdfcffa702b05b82f682b23b43571.jpg
SAMSUNG 75 POUCES SMART TV 4K UHD,Neuf,Samsung,655‚ÄØ000,Plateau Dakar,https://i.roamcdn.net/hz/ed/listing-thumb-224w/8ad0fe655185d468ccdfa1670e54972a/-/horizon-files-prod/ed/picture/q8v5n4wp/39d4721bc1849d6420055bf33282b1c358b9d940.jpg
T√âL√âVISION SAMSUNG SMART ULTRA HD 75‚Äù Pouces,Neuf,Samsung,650‚ÄØ000,Liberte 6 Dakar,https://i.roamcdn.net/hz/ed/listing-thumb-224w/80f194b1b98c31fde73955a3e068c362/-/horizon-files-prod/ed/picture/qgqwgd0k/8d1f98944efa01bb3932ed15d24548a4ce5fc3aa.jpg
SAMSUNG 75 POUCES SMART TV 4K UHD,Neuf,Samsung,655‚ÄØ000,Plateau Dakar,https://i.roamcdn.net/hz/ed/listing-thumb-224w/8ad0fe655185d468ccdfa1670e54972a/-/horizon-files-prod/ed/picture/q8v5n4wp/39d4721bc1849d6420055bf33282b1c358b9d940.jpg
SAMSUNG 75 POUCES SMART TV 4K UHD,Neuf,Samsung,655‚ÄØ000,Plateau Dakar,https://i.roamcdn.net/hz/ed/listing-thumb-224w/8ad0fe655185d468ccdfa1670e54972a/-/horizon-files-prod/ed/picture/q8v5n4wp/39d4721bc1849d6420055bf33282b1c358b9d940.jpg
SAMSUNG 75 POUCES SMART TV 4K UHD,Neuf,Samsung,655‚ÄØ000,Plateau Dakar,https://i.roamcdn.net/hz/ed/listing-thumb-224w/8ad0fe655185d468ccdfa1670e54972a/-/horizon-files-prod/ed/picture/q8v5n4wp/39d4721bc1849d6420055bf33282b1c358b9d940.jpg
IPTV cl√© Fire TV 4K Wi-Fi 6E,Neuf,Autre,40‚ÄØ000,Grand-Yoff Dakar,https://i.roamcdn.net/hz/ed/listing-thumb-224w/8040d00ced9e313e9b8d792e7ad703a0/-/horizon-files-prod/ed/picture/q04zjn8/cfc812cd220af02e061c7e8cb5108f1829998b7b.jpg
SAMSUNG 75 POUCES SMART TV 4K UHD,Neuf,Samsung,655‚ÄØ000,Plateau Dakar,https://i.roamcdn.net/hz/ed/listing-thumb-224w/8ad0fe655185d468ccdfa1670e54972a/-/horizon-files-prod/ed/picture/q8v5n4wp/39d4721bc1849d6420055bf33282b1c358b9d940.jpg
SAMSUNG 75 POUCES SMART TV 4K UHD,Neuf,Samsung,655‚ÄØ000,Plateau Dakar,https://i.roamcdn.net/hz/ed/listing-thumb-224w/8ad0fe655185d468ccdfa1670e54972a/-/horizon-files-prod/ed/picture/q8v5n4wp/39d4721bc1849d6420055bf33282b1c358b9d940.jpg
SAMSUNG 75 POUCES SMART TV 4K UHD,Neuf,Samsung,655‚ÄØ000,Plateau Dakar,https://i.roamcdn.net/hz/ed/listing-thumb-224w/8ad0fe655185d468ccdfa1670e54972a/-/horizon-files-prod/ed/picture/q8v5n4wp/39d4721bc1849d6420055bf33282b1c358b9d940.jpg
SAMSUNG 75 POUCES SMART TV 4K UHD,Neuf,Samsung,655‚ÄØ000,Plateau Dakar,https://i.roamcdn.net/hz/ed/listing-thumb-224w/8ad0fe655185d468ccdfa1670e54972a/-/horizon-files-prod/ed/picture/q8v5n4wp/39d4721bc1849d6420055bf33282b1c358b9d940.jpg
Smart TV 43'' pouce,Neuf,"LG, Samsung,",125‚ÄØ900,Parcelles Assainies Dakar,https://i.roamcdn.net/hz/ed/listing-thumb-224w/f85a33036ebec51856cd0319ad72f6c1/-/horizon-files-prod/ed/picture/qq8xzdp/acb86801bd2df4ce787995c2fad4d2ffe8d7584c.jpg
SAMSUNG 75 POUCES SMART TV 4K UHD,Neuf,Samsung,655‚ÄØ000,Plateau Dakar,https://i.roamcdn.net/hz/ed/listing-thumb-224w/8ad0fe655185d468ccdfa1670e54972a/-/horizon-files-prod/ed/picture/q8v5n4wp/39d4721bc1849d6420055bf33282b1c358b9d940.jpg
SAMSUNG 75 POUCES SMART TV 4K UHD,Neuf,Samsung,655‚ÄØ000,Plateau Dakar,https://i.roamcdn.net/hz/ed/listing-thumb-224w/8ad0fe655185d468ccdfa1670e54972a/-/horizon-files-prod/ed/picture/q8v5n4wp/39d4721bc1849d6420055bf33282b1c358b9d940.jpg
SAMSUNG 75 POUCES SMART TV 4K UHD,Neuf,Samsung,655‚ÄØ000,Plateau Dakar,https://i.roamcdn.net/hz/ed/listing-thumb-224w/8ad0fe655185d468ccdfa1670e54972a/-/horizon-files-prod/ed/picture/q8v5n4wp/39d4721bc1849d6420055bf33282b1c358b9d940.jpg
SAMSUNG 75 POUCES SMART TV 4K UHD,Neuf,Samsung,655‚ÄØ000,Plateau Dakar,https://i.roamcdn.net/hz/ed/listing-thumb-224w/8ad0fe655185d468ccdfa1670e54972a/-/horizon-files-prod/ed/picture/q8v5n4wp/39d4721bc1849d6420055bf33282b1c358b9d940.jpg
SAMSUNG 75 POUCES SMART TV 4K UHD,Neuf,Samsung,655‚ÄØ000,Plateau Dakar,https://i.roamcdn.net/hz/ed/listing-thumb-224w/8ad0fe655185d468ccdfa1670e54972a/-/horizon-files-prod/ed/picture/q8v5n4wp/39d4721bc1849d6420055bf33282b1c358b9d940.jpg
SAMSUNG 75 POUCES SMART TV 4K UHD,Neuf,Samsung,655‚ÄØ000,Plateau Dakar,https://i.roamcdn.net/hz/ed/listing-thumb-224w/8ad0fe655185d468ccdfa1670e54972a/-/horizon-files-prod/ed/picture/q8v5n4wp/39d4721bc1849d6420055bf33282b1c358b9d940.jpg
SAMSUNG 75 POUCES SMART TV 4K UHD,Neuf,Samsung,655‚ÄØ000,Plateau Dakar,https://i.roamcdn.net/hz/ed/listing-thumb-224w/8ad0fe655185d468ccdfa1670e54972a/-/horizon-files-prod/ed/picture/q8v5n4wp/39d4721bc1849d6420055bf33282b1c358b9d940.jpg
Smart TV 55'',Neuf,"LG, Samsung, Heseinse, Vizio, JVC, Philips etc.",229‚ÄØ000,Parcelles Assainies Dakar,https://i.roamcdn.net/hz/ed/listing-thumb-224w/c4ae0c1010da2df645b66f34131408af/-/horizon-files-prod/ed/picture/qpqrg6j/1eb2c00e7658f6ceef9f3b501cf6af08c0d73234.jpg
Mini Projecteur Android TV,Neuf,Autre,135‚ÄØ000,Grand-Yoff Dakar,https://i.roamcdn.net/hz/ed/listing-thumb-224w/acbe4f2269309059ff6704719bb84b38/-/horizon-files-prod/ed/picture/qv444pkx/7d4ca3e26951f3eff98959215003c4f4fd608a59.jpg
SAMSUNG 75 POUCES SMART TV 4K UHD,Neuf,Samsung,655‚ÄØ000,Plateau Dakar,https://i.roamcdn.net/hz/ed/listing-thumb-224w/8ad0fe655185d468ccdfa1670e54972a/-/horizon-files-prod/ed/picture/q8v5n4wp/39d4721bc1849d6420055bf33282b1c358b9d940.jpg
SAMSUNG 75 POUCES SMART TV 4K UHD,Neuf,Samsung,655‚ÄØ000,Plateau Dakar,https://i.roamcdn.net/hz/ed/listing-thumb-224w/8ad0fe655185d468ccdfa1670e54972a/-/horizon-files-prod/ed/picture/q8v5n4wp/39d4721bc1849d6420055bf33282b1c358b9d940.jpg
SAMSUNG 75 POUCES SMART TV 4K UHD,Neuf,Samsung,655‚ÄØ000,Plateau Dakar,https://i.roamcdn.net/hz/ed/listing-thumb-224w/8ad0fe655185d468ccdfa1670e54972a/-/horizon-files-prod/ed/picture/q8v5n4wp/39d4721bc1849d6420055bf33282b1c358b9d940.jpg
SAMSUNG 75 POUCES SMART TV 4K UHD,Neuf,Samsung,655‚ÄØ000,Plateau Dakar,https://i.roamcdn.net/hz/ed/listing-thumb-224w/8ad0fe655185d468ccdfa1670e54972a/-/horizon-files-prod/ed/picture/q8v5n4wp/39d4721bc1849d6420055bf33282b1c358b9d940.jpg
SAMSUNG 75 POUCES SMART TV 4K UHD,Neuf,Samsung,655‚ÄØ000,Plateau Dakar,https://i.roamcdn.net/hz/ed/listing-thumb-224w/8ad0fe655185d468ccdfa1670e54972a/-/horizon-files-prod/ed/picture/q8v5n4wp/39d4721bc1849d6420055bf33282b1c358b9d940.jpg
SAMSUNG 75 POUCES SMART TV 4K UHD,Neuf,Samsung,655‚ÄØ000,Plateau Dakar,https://i.roamcdn.net/hz/ed/listing-thumb-224w/8ad0fe655185d468ccdfa1670e54972a/-/horizon-files-prod/ed/picture/q8v5n4wp/39d4721bc1849d6420055bf33282b1c358b9d940.jpg
SAMSUNG 75 POUCES SMART TV 4K UHD,Neuf,Samsung,655‚ÄØ000,Plateau Dakar,https://i.roamcdn.net/hz/ed/listing-thumb-224w/8ad0fe655185d468ccdfa1670e54972a/-/horizon-files-prod/ed/picture/q8v5n4wp/39d4721bc1849d6420055bf33282b1c358b9d940.jpg
SAMSUNG 75 POUCES SMART TV 4K UHD,Neuf,Samsung,655‚ÄØ000,Plateau Dakar,https://i.roamcdn.net/hz/ed/listing-thumb-224w/8ad0fe655185d468ccdfa1670e54972a/-/horizon-files-prod/ed/picture/q8v5n4wp/39d4721bc1849d6420055bf33282b1c358b9d940.jpg
SAMSUNG 75 POUCES SMART TV 4K UHD,Neuf,Samsung,655‚ÄØ000,Plateau Dakar,https://i.roamcdn.net/hz/ed/listing-thumb-224w/8ad0fe655185d468ccdfa1670e54972a/-/horizon-files-prod/ed/picture/q8v5n4wp/39d4721bc1849d6420055bf33282b1c358b9d940.jpg
SAMSUNG 75 POUCES SMART TV 4K UHD,Neuf,Samsung,655‚ÄØ000,Plateau Dakar,https://i.roamcdn.net/hz/ed/listing-thumb-224w/8ad0fe655185d468ccdfa1670e54972a/-/horizon-files-prod/ed/picture/q8v5n4wp/39d4721bc1849d6420055bf33282b1c358b9d940.jpg
SAMSUNG 75 POUCES SMART TV 4K UHD,Neuf,Samsung,655‚ÄØ000,Plateau Dakar,https://i.roamcdn.net/hz/ed/listing-thumb-224w/8ad0fe655185d468ccdfa1670e54972a/-/horizon-files-prod/ed/picture/q8v5n4wp/39d4721bc1849d6420055bf33282b1c358b9d940.jpg
SAMSUNG 75 POUCES SMART TV 4K UHD,Neuf,Samsung,655‚ÄØ000,Plateau Dakar,https://i.roamcdn.net/hz/ed/listing-thumb-224w/8ad0fe655185d468ccdfa1670e54972a/-/horizon-files-prod/ed/picture/q8v5n4wp/39d4721bc1849d6420055bf33282b1c358b9d940.jpg
SAMSUNG 75 POUCES SMART TV 4K UHD,Neuf,Samsung,655‚ÄØ000,Plateau Dakar,https://i.roamcdn.net/hz/ed/listing-thumb-224w/8ad0fe655185d468ccdfa1670e54972a/-/horizon-files-prod/ed/picture/q8v5n4wp/39d4721bc1849d6420055bf33282b1c358b9d940.jpg
SAMSUNG 75 POUCES SMART TV 4K UHD,Neuf,Samsung,655‚ÄØ000,Plateau Dakar,https://i.roamcdn.net/hz/ed/listing-thumb-224w/8ad0fe655185d468ccdfa1670e54972a/-/horizon-files-prod/ed/picture/q8v5n4wp/39d4721bc1849d6420055bf33282b1c358b9d940.jpg
SAMSUNG 75 POUCES SMART TV 4K UHD,Neuf,Samsung,655‚ÄØ000,Plateau Dakar,https://i.roamcdn.net/hz/ed/listing-thumb-224w/8ad0fe655185d468ccdfa1670e54972a/-/horizon-files-prod/ed/picture/q8v5n4wp/39d4721bc1849d6420055bf33282b1c358b9d940.jpg
SAMSUNG 75 POUCES SMART TV 4K UHD,Neuf,Samsung,655‚ÄØ000,Plateau Dakar,https://i.roamcdn.net/hz/ed/listing-thumb-224w/8ad0fe655185d468ccdfa1670e54972a/-/horizon-files-prod/ed/picture/q8v5n4wp/39d4721bc1849d6420055bf33282b1c358b9d940.jpg
SAMSUNG 75 POUCES SMART TV 4K UHD,Neuf,Samsung,655‚ÄØ000,Plateau Dakar,https://i.roamcdn.net/hz/ed/listing-thumb-224w/8ad0fe655185d468ccdfa1670e54972a/-/horizon-files-prod/ed/picture/q8v5n4wp/39d4721bc1849d6420055bf33282b1c358b9d940.jpg
SAMSUNG 75 POUCES SMART TV 4K UHD,Neuf,Samsung,655‚ÄØ000,Plateau Dakar,https://i.roamcdn.net/hz/ed/listing-thumb-224w/8ad0fe655185d468ccdfa1670e54972a/-/horizon-files-prod/ed/picture/q8v5n4wp/39d4721bc1849d6420055bf33282b1c358b9d940.jpg
SAMSUNG 75 POUCES SMART TV 4K UHD,Neuf,Samsung,655‚ÄØ000,Plateau Dakar,https://i.roamcdn.net/hz/ed/listing-thumb-224w/8ad0fe655185d468ccdfa1670e54972a/-/horizon-files-prod/ed/picture/q8v5n4wp/39d4721bc1849d6420055bf33282b1c358b9d940.jpg
SAMSUNG 75 POUCES SMART TV 4K UHD,Neuf,Samsung,655‚ÄØ000,Plateau Dakar,https://i.roamcdn.net/hz/ed/listing-thumb-224w/8ad0fe655185d468ccdfa1670e54972a/-/horizon-files-prod/ed/picture/q8v5n4wp/39d4721bc1849d6420055bf33282b1c358b9d940.jpg
SAMSUNG 75 POUCES SMART TV 4K UHD,Neuf,Samsung,655‚ÄØ000,Plateau Dakar,https://i.roamcdn.net/hz/ed/listing-thumb-224w/8ad0fe655185d468ccdfa1670e54972a/-/horizon-files-prod/ed/picture/q8v5n4wp/39d4721bc1849d6420055bf33282b1c358b9d940.jpg
SAMSUNG 75 POUCES SMART TV 4K UHD,Neuf,Samsung,655‚ÄØ000,Plateau Dakar,https://i.roamcdn.net/hz/ed/listing-thumb-224w/8ad0fe655185d468ccdfa1670e54972a/-/horizon-files-prod/ed/picture/q8v5n4wp/39d4721bc1849d6420055bf33282b1c358b9d940.jpg
SAMSUNG 75 POUCES SMART TV 4K UHD,Neuf,Samsung,655‚ÄØ000,Plateau Dakar,https://i.roamcdn.net/hz/ed/listing-thumb-224w/8ad0fe655185d468ccdfa1670e54972a/-/horizon-files-prod/ed/picture/q8v5n4wp/39d4721bc1849d6420055bf33282b1c358b9d940.jpg
SAMSUNG 75 POUCES SMART TV 4K UHD,Neuf,Samsung,655‚ÄØ000,Plateau Dakar,https://i.roamcdn.net/hz/ed/listing-thumb-224w/8ad0fe655185d468ccdfa1670e54972a/-/horizon-files-prod/ed/picture/q8v5n4wp/39d4721bc1849d6420055bf33282b1c358b9d940.jpg
SAMSUNG 75 POUCES SMART TV 4K UHD,Neuf,Samsung,655‚ÄØ000,Plateau Dakar,https://i.roamcdn.net/hz/ed/listing-thumb-224w/8ad0fe655185d468ccdfa1670e54972a/-/horizon-files-prod/ed/picture/q8v5n4wp/39d4721bc1849d6420055bf33282b1c358b9d940.jpg
SAMSUNG 75 POUCES SMART TV 4K UHD,Neuf,Samsung,655‚ÄØ000,Plateau Dakar,https://i.roamcdn.net/hz/ed/listing-thumb-224w/8ad0fe655185d468ccdfa1670e54972a/-/horizon-files-prod/ed/picture/q8v5n4wp/39d4721bc1849d6420055bf33282b1c358b9d940.jpg
SAMSUNG 75 POUCES SMART TV 4K UHD,Neuf,Samsung,655‚ÄØ000,Plateau Dakar,https://i.roamcdn.net/hz/ed/listing-thumb-224w/8ad0fe655185d468ccdfa1670e54972a/-/horizon-files-prod/ed/picture/q8v5n4wp/39d4721bc1849d6420055bf33282b1c358b9d940.jpg
Box Tv 8gb | 128gb 8K Android 13,Neuf,T95,38‚ÄØ000,Grand-Yoff Dakar,https://i.roamcdn.net/hz/ed/listing-thumb-224w/b70f398c8df0683b71e50199183f9945/-/horizon-files-prod/ed/picture/qnmde90/6661d39f3a1a7d7ab863ba7d67956db468ff8267.jpg
SAMSUNG 75 POUCES SMART TV 4K UHD,Neuf,Samsung,655‚ÄØ000,Plateau Dakar,https://i.roamcdn.net/hz/ed/listing-thumb-224w/8ad0fe655185d468ccdfa1670e54972a/-/horizon-files-prod/ed/picture/q8v5n4wp/39d4721bc1849d6420055bf33282b1c358b9d940.jpg
SAMSUNG 75 POUCES SMART TV 4K UHD,Neuf,Samsung,655‚ÄØ000,Plateau Dakar,https://i.roamcdn.net/hz/ed/listing-thumb-224w/8ad0fe655185d468ccdfa1670e54972a/-/horizon-files-prod/ed/picture/q8v5n4wp/39d4721bc1849d6420055bf33282b1c358b9d940.jpg
SAMSUNG 75 POUCES SMART TV 4K UHD,Neuf,Samsung,655‚ÄØ000,Plateau Dakar,https://i.roamcdn.net/hz/ed/listing-thumb-224w/8ad0fe655185d468ccdfa1670e54972a/-/horizon-files-prod/ed/picture/q8v5n4wp/39d4721bc1849d6420055bf33282b1c358b9d940.jpg
SAMSUNG 75 POUCES SMART TV 4K UHD,Neuf,Samsung,655‚ÄØ000,Plateau Dakar,https://i.roamcdn.net/hz/ed/listing-thumb-224w/8ad0fe655185d468ccdfa1670e54972a/-/horizon-files-prod/ed/picture/q8v5n4wp/39d4721bc1849d6420055bf33282b1c358b9d940.jpg
SAMSUNG 75 POUCES SMART TV 4K UHD,Neuf,Samsung,655‚ÄØ000,Plateau Dakar,https://i.roamcdn.net/hz/ed/listing-thumb-224w/8ad0fe655185d468ccdfa1670e54972a/-/horizon-files-prod/ed/picture/q8v5n4wp/39d4721bc1849d6420055bf33282b1c358b9d940.jpg
SAMSUNG 75 POUCES SMART TV 4K UHD,Neuf,Samsung,655‚ÄØ000,Plateau Dakar,https://i.roamcdn.net/hz/ed/listing-thumb-224w/8ad0fe655185d468ccdfa1670e54972a/-/horizon-files-prod/ed/picture/q8v5n4wp/39d4721bc1849d6420055bf33282b1c358b9d940.jpg
SAMSUNG 75 POUCES SMART TV 4K UHD,Neuf,Samsung,655‚ÄØ000,Plateau Dakar,https://i.roamcdn.net/hz/ed/listing-thumb-224w/8ad0fe655185d468ccdfa1670e54972a/-/horizon-files-prod/ed/picture/q8v5n4wp/39d4721bc1849d6420055bf33282b1c358b9d940.jpg
SAMSUNG 75 POUCES SMART TV 4K UHD,Neuf,Samsung,655‚ÄØ000,Plateau Dakar,https://i.roamcdn.net/hz/ed/listing-thumb-224w/8ad0fe655185d468ccdfa1670e54972a/-/horizon-files-prod/ed/picture/q8v5n4wp/39d4721bc1849d6420055bf33282b1c358b9d940.jpg
Fire TV Stick 4K Max Wifi 6E,Neuf,Autre,45‚ÄØ000,Grand-Yoff Dakar,https://i.roamcdn.net/hz/ed/listing-thumb-224w/835c87c60aa0026932c4043b21bc9f79/-/horizon-files-prod/ed/picture/qwe29d8p/8faf24b5275af0da1b312d7487d7122740720eb9.jpg
SAMSUNG 75 POUCES SMART TV 4K UHD,Neuf,Samsung,655‚ÄØ000,Plateau Dakar,https://i.roamcdn.net/hz/ed/listing-thumb-224w/8ad0fe655185d468ccdfa1670e54972a/-/horizon-files-prod/ed/picture/q8v5n4wp/39d4721bc1849d6420055bf33282b1c358b9d940.jpg
Alexa Echo Dot | 5e avec horloge,Neuf,Autre,45‚ÄØ000,Grand-Yoff Dakar,https://i.roamcdn.net/hz/ed/listing-thumb-224w/c7b8754c5f0e336163c6417c1b20544f/-/horizon-files-prod/ed/picture/qzg82r9/d1245a5a6afa041f99ed6be7a2101e58c8e9fa57.jpg
SAMSUNG 75 POUCES SMART TV 4K UHD,Neuf,Samsung,655‚ÄØ000,Plateau Dakar,https://i.roamcdn.net/hz/ed/listing-thumb-224w/8ad0fe655185d468ccdfa1670e54972a/-/horizon-files-prod/ed/picture/q8v5n4wp/39d4721bc1849d6420055bf33282b1c358b9d940.jpg
SAMSUNG 75 POUCES SMART TV 4K UHD,Neuf,Samsung,655‚ÄØ000,Plateau Dakar,https://i.roamcdn.net/hz/ed/listing-thumb-224w/8ad0fe655185d468ccdfa1670e54972a/-/horizon-files-prod/ed/picture/q8v5n4wp/39d4721bc1849d6420055bf33282b1c358b9d940.jpg
SAMSUNG 75 POUCES SMART TV 4K UHD,Neuf,Samsung,655‚ÄØ000,Plateau Dakar,https://i.roamcdn.net/hz/ed/listing-thumb-224w/8ad0fe655185d468ccdfa1670e54972a/-/horizon-files-prod/ed/picture/q8v5n4wp/39d4721bc1849d6420055bf33282b1c358b9d940.jpg
SAMSUNG 75 POUCES SMART TV 4K UHD,Neuf,Samsung,655‚ÄØ000,Plateau Dakar,https://i.roamcdn.net/hz/ed/listing-thumb-224w/8ad0fe655185d468ccdfa1670e54972a/-/horizon-files-prod/ed/picture/q8v5n4wp/39d4721bc1849d6420055bf33282b1c358b9d940.jpg
SAMSUNG 75 POUCES SMART TV 4K UHD,Neuf,Samsung,655‚ÄØ000,Plateau Dakar,https://i.roamcdn.net/hz/ed/listing-thumb-224w/8ad0fe655185d468ccdfa1670e54972a/-/horizon-files-prod/ed/picture/q8v5n4wp/39d4721bc1849d6420055bf33282b1c358b9d940.jpg
SAMSUNG 75 POUCES SMART TV 4K UHD,Neuf,Samsung,655‚ÄØ000,Plateau Dakar,https://i.roamcdn.net/hz/ed/listing-thumb-224w/8ad0fe655185d468ccdfa1670e54972a/-/horizon-files-prod/ed/picture/q8v5n4wp/39d4721bc1849d6420055bf33282b1c358b9d940.jpg
SAMSUNG 75 POUCES SMART TV 4K UHD,Neuf,Samsung,655‚ÄØ000,Plateau Dakar,https://i.roamcdn.net/hz/ed/listing-thumb-224w/8ad0fe655185d468ccdfa1670e54972a/-/horizon-files-prod/ed/picture/q8v5n4wp/39d4721bc1849d6420055bf33282b1c358b9d940.jpg
SAMSUNG 75 POUCES SMART TV 4K UHD,Neuf,Samsung,655‚ÄØ000,Plateau Dakar,https://i.roamcdn.net/hz/ed/listing-thumb-224w/8ad0fe655185d468ccdfa1670e54972a/-/horizon-files-prod/ed/picture/q8v5n4wp/39d4721bc1849d6420055bf33282b1c358b9d940.jpg
SAMSUNG 75 POUCES SMART TV 4K UHD,Neuf,Samsung,655‚ÄØ000,Plateau Dakar,https://i.roamcdn.net/hz/ed/listing-thumb-224w/8ad0fe655185d468ccdfa1670e54972a/-/horizon-files-prod/ed/picture/q8v5n4wp/39d4721bc1849d6420055bf33282b1c358b9d940.jpg
SAMSUNG 75 POUCES SMART TV 4K UHD,Neuf,Samsung,655‚ÄØ000,Plateau Dakar,https://i.roamcdn.net/hz/ed/listing-thumb-224w/8ad0fe655185d468ccdfa1670e54972a/-/horizon-files-prod/ed/picture/q8v5n4wp/39d4721bc1849d6420055bf33282b1c358b9d940.jpg
SAMSUNG 75 POUCES SMART TV 4K UHD,Neuf,Samsung,655‚ÄØ000,Plateau Dakar,https://i.roamcdn.net/hz/ed/listing-thumb-224w/8ad0fe655185d468ccdfa1670e54972a/-/horizon-files-prod/ed/picture/q8v5n4wp/39d4721bc1849d6420055bf33282b1c358b9d940.jpg
SAMSUNG 75 POUCES SMART TV 4K UHD,Neuf,Samsung,655‚ÄØ000,Plateau Dakar,https://i.roamcdn.net/hz/ed/listing-thumb-224w/8ad0fe655185d468ccdfa1670e54972a/-/horizon-files-prod/ed/picture/q8v5n4wp/39d4721bc1849d6420055bf33282b1c358b9d940.jpg
SAMSUNG 75 POUCES SMART TV 4K UHD,Neuf,Samsung,655‚ÄØ000,Plateau Dakar,https://i.roamcdn.net/hz/ed/listing-thumb-224w/8ad0fe655185d468ccdfa1670e54972a/-/horizon-files-prod/ed/picture/q8v5n4wp/39d4721bc1849d6420055bf33282b1c358b9d940.jpg
SAMSUNG 75 POUCES SMART TV 4K UHD,Neuf,Samsung,655‚ÄØ000,Plateau Dakar,https://i.roamcdn.net/hz/ed/listing-thumb-224w/8ad0fe655185d468ccdfa1670e54972a/-/horizon-files-prod/ed/picture/q8v5n4wp/39d4721bc1849d6420055bf33282b1c358b9d940.jpg
SAMSUNG 75 POUCES SMART TV 4K UHD,Neuf,Samsung,655‚ÄØ000,Plateau Dakar,https://i.roamcdn.net/hz/ed/listing-thumb-224w/8ad0fe655185d468ccdfa1670e54972a/-/horizon-files-prod/ed/picture/q8v5n4wp/39d4721bc1849d6420055bf33282b1c358b9d940.jpg
SAMSUNG 75 POUCES SMART TV 4K UHD,Neuf,Samsung,655‚ÄØ000,Plateau Dakar,https://i.roamcdn.net/hz/ed/listing-thumb-224w/8ad0fe655185d468ccdfa1670e54972a/-/horizon-files-prod/ed/picture/q8v5n4wp/39d4721bc1849d6420055bf33282b1c358b9d940.jpg
SAMSUNG 75 POUCES SMART TV 4K UHD,Neuf,Samsung,655‚ÄØ000,Plateau Dakar,https://i.roamcdn.net/hz/ed/listing-thumb-224w/8ad0fe655185d468ccdfa1670e54972a/-/horizon-files-prod/ed/picture/q8v5n4wp/39d4721bc1849d6420055bf33282b1c358b9d940.jpg
SAMSUNG 75 POUCES SMART TV 4K UHD,Neuf,Samsung,655‚ÄØ000,Plateau Dakar,https://i.roamcdn.net/hz/ed/listing-thumb-224w/8ad0fe655185d468ccdfa1670e54972a/-/horizon-files-prod/ed/picture/q8v5n4wp/39d4721bc1849d6420055bf33282b1c358b9d940.jpg
SAMSUNG 75 POUCES SMART TV 4K UHD,Neuf,Samsung,655‚ÄØ000,Plateau Dakar,https://i.roamcdn.net/hz/ed/listing-thumb-224w/8ad0fe655185d468ccdfa1670e54972a/-/horizon-files-prod/ed/picture/q8v5n4wp/39d4721bc1849d6420055bf33282b1c358b9d940.jpg
SAMSUNG 75 POUCES SMART TV 4K UHD,Neuf,Samsung,655‚ÄØ000,Plateau Dakar,https://i.roamcdn.net/hz/ed/listing-thumb-224w/8ad0fe655185d468ccdfa1670e54972a/-/horizon-files-prod/ed/picture/q8v5n4wp/39d4721bc1849d6420055bf33282b1c358b9d940.jpg
SAMSUNG 75 POUCES SMART TV 4K UHD,Neuf,Samsung,655‚ÄØ000,Plateau Dakar,https://i.roamcdn.net/hz/ed/listing-thumb-224w/8ad0fe655185d468ccdfa1670e54972a/-/horizon-files-prod/ed/picture/q8v5n4wp/39d4721bc1849d6420055bf33282b1c358b9d940.jpg
SAMSUNG 75 POUCES SMART TV 4K UHD,Neuf,Samsung,655‚ÄØ000,Plateau Dakar,https://i.roamcdn.net/hz/ed/listing-thumb-224w/8ad0fe655185d468ccdfa1670e54972a/-/horizon-files-prod/ed/picture/q8v5n4wp/39d4721bc1849d6420055bf33282b1c358b9d940.jpg
SAMSUNG 75 POUCES SMART TV 4K UHD,Neuf,Samsung,655‚ÄØ000,Plateau Dakar,https://i.roamcdn.net/hz/ed/listing-thumb-224w/8ad0fe655185d468ccdfa1670e54972a/-/horizon-files-prod/ed/picture/q8v5n4wp/39d4721bc1849d6420055bf33282b1c358b9d940.jpg
SAMSUNG 75 POUCES SMART TV 4K UHD,Neuf,Samsung,655‚ÄØ000,Plateau Dakar,https://i.roamcdn.net/hz/ed/listing-thumb-224w/8ad0fe655185d468ccdfa1670e54972a/-/horizon-files-prod/ed/picture/q8v5n4wp/39d4721bc1849d6420055bf33282b1c358b9d940.jpg
SAMSUNG 75 POUCES SMART TV 4K UHD,Neuf,Samsung,655‚ÄØ000,Plateau Dakar,https://i.roamcdn.net/hz/ed/listing-thumb-224w/8ad0fe655185d468ccdfa1670e54972a/-/horizon-files-prod/ed/picture/q8v5n4wp/39d4721bc1849d6420055bf33282b1c358b9d940.jpg
SAMSUNG 75 POUCES SMART TV 4K UHD,Neuf,Samsung,655‚ÄØ000,Plateau Dakar,https://i.roamcdn.net/hz/ed/listing-thumb-224w/8ad0fe655185d468ccdfa1670e54972a/-/horizon-files-prod/ed/picture/q8v5n4wp/39d4721bc1849d6420055bf33282b1c358b9d940.jpg
SAMSUNG 75 POUCES SMART TV 4K UHD,Neuf,Samsung,655‚ÄØ000,Plateau Dakar,https://i.roamcdn.net/hz/ed/listing-thumb-224w/8ad0fe655185d468ccdfa1670e54972a/-/horizon-files-prod/ed/picture/q8v5n4wp/39d4721bc1849d6420055bf33282b1c358b9d940.jpg
SAMSUNG 75 POUCES SMART TV 4K UHD,Neuf,Samsung,655‚ÄØ000,Plateau Dakar,https://i.roamcdn.net/hz/ed/listing-thumb-224w/8ad0fe655185d468ccdfa1670e54972a/-/horizon-files-prod/ed/picture/q8v5n4wp/39d4721bc1849d6420055bf33282b1c358b9d940.jpg
SAMSUNG 75 POUCES SMART TV 4K UHD,Neuf,Samsung,655‚ÄØ000,Plateau Dakar,https://i.roamcdn.net/hz/ed/listing-thumb-224w/8ad0fe655185d468ccdfa1670e54972a/-/horizon-files-prod/ed/picture/q8v5n4wp/39d4721bc1849d6420055bf33282b1c358b9d940.jpg
SAMSUNG 75 POUCES SMART TV 4K UHD,Neuf,Samsung,655‚ÄØ000,Plateau Dakar,https://i.roamcdn.net/hz/ed/listing-thumb-224w/8ad0fe655185d468ccdfa1670e54972a/-/horizon-files-prod/ed/picture/q8v5n4wp/39d4721bc1849d6420055bf33282b1c358b9d940.jpg
SAMSUNG 75 POUCES SMART TV 4K UHD,Neuf,Samsung,655‚ÄØ000,Plateau Dakar,https://i.roamcdn.net/hz/ed/listing-thumb-224w/8ad0fe655185d468ccdfa1670e54972a/-/horizon-files-prod/ed/picture/q8v5n4wp/39d4721bc1849d6420055bf33282b1c358b9d940.jpg
SAMSUNG 75 POUCES SMART TV 4K UHD,Neuf,Samsung,655‚ÄØ000,Plateau Dakar,https://i.roamcdn.net/hz/ed/listing-thumb-224w/8ad0fe655185d468ccdfa1670e54972a/-/horizon-files-prod/ed/picture/q8v5n4wp/39d4721bc1849d6420055bf33282b1c358b9d940.jpg
SAMSUNG 75 POUCES SMART TV 4K UHD,Neuf,Samsung,655‚ÄØ000,Plateau Dakar,https://i.roamcdn.net/hz/ed/listing-thumb-224w/8ad0fe655185d468ccdfa1670e54972a/-/horizon-files-prod/ed/picture/q8v5n4wp/39d4721bc1849d6420055bf33282b1c358b9d940.jpg
SAMSUNG 75 POUCES SMART TV 4K UHD,Neuf,Samsung,655‚ÄØ000,Plateau Dakar,https://i.roamcdn.net/hz/ed/listing-thumb-224w/8ad0fe655185d468ccdfa1670e54972a/-/horizon-files-prod/ed/picture/q8v5n4wp/39d4721bc1849d6420055bf33282b1c358b9d940.jpg
SAMSUNG 75 POUCES SMART TV 4K UHD,Neuf,Samsung,655‚ÄØ000,Plateau Dakar,https://i.roamcdn.net/hz/ed/listing-thumb-224w/8ad0fe655185d468ccdfa1670e54972a/-/horizon-files-prod/ed/picture/q8v5n4wp/39d4721bc1849d6420055bf33282b1c358b9d940.jpg
SAMSUNG 75 POUCES SMART TV 4K UHD,Neuf,Samsung,655‚ÄØ000,Plateau Dakar,https://i.roamcdn.net/hz/ed/listing-thumb-224w/8ad0fe655185d468ccdfa1670e54972a/-/horizon-files-prod/ed/picture/q8v5n4wp/39d4721bc1849d6420055bf33282b1c358b9d940.jpg
SAMSUNG 75 POUCES SMART TV 4K UHD,Neuf,Samsung,655‚ÄØ000,Plateau Dakar,https://i.roamcdn.net/hz/ed/listing-thumb-224w/8ad0fe655185d468ccdfa1670e54972a/-/horizon-files-prod/ed/picture/q8v5n4wp/39d4721bc1849d6420055bf33282b1c358b9d940.jpg
SAMSUNG 75 POUCES SMART TV 4K UHD,Neuf,Samsung,655‚ÄØ000,Plateau Dakar,https://i.roamcdn.net/hz/ed/listing-thumb-224w/8ad0fe655185d468ccdfa1670e54972a/-/horizon-files-prod/ed/picture/q8v5n4wp/39d4721bc1849d6420055bf33282b1c358b9d940.jpg
SAMSUNG 75 POUCES SMART TV 4K UHD,Neuf,Samsung,655‚ÄØ000,Plateau Dakar,https://i.roamcdn.net/hz/ed/listing-thumb-224w/8ad0fe655185d468ccdfa1670e54972a/-/horizon-files-prod/ed/picture/q8v5n4wp/39d4721bc1849d6420055bf33282b1c358b9d940.jpg
SAMSUNG 75 POUCES SMART TV 4K UHD,Neuf,Samsung,655‚ÄØ000,Plateau Dakar,https://i.roamcdn.net/hz/ed/listing-thumb-224w/8ad0fe655185d468ccdfa1670e54972a/-/horizon-files-prod/ed/picture/q8v5n4wp/39d4721bc1849d6420055bf33282b1c358b9d940.jpg
SAMSUNG 75 POUCES SMART TV 4K UHD,Neuf,Samsung,655‚ÄØ000,Plateau Dakar,https://i.roamcdn.net/hz/ed/listing-thumb-224w/8ad0fe655185d468ccdfa1670e54972a/-/horizon-files-prod/ed/picture/q8v5n4wp/39d4721bc1849d6420055bf33282b1c358b9d940.jpg
Cl√© Box 4K Chromecast,Neuf,Autre,45‚ÄØ000,Grand-Yoff Dakar,https://i.roamcdn.net/hz/ed/listing-thumb-224w/b468807faaf394a4fcd108dd434bf703/-/horizon-files-prod/ed/picture/q9qv966/652718e7790f660dd93afe90dbac45e89d2f3377.jpg
SAMSUNG 75 POUCES SMART TV 4K UHD,Neuf,Samsung,655‚ÄØ000,Plateau Dakar,https://i.roamcdn.net/hz/ed/listing-thumb-224w/8ad0fe655185d468ccdfa1670e54972a/-/horizon-files-prod/ed/picture/q8v5n4wp/39d4721bc1849d6420055bf33282b1c358b9d940.jpg
SAMSUNG 75 POUCES SMART TV 4K UHD,Neuf,Samsung,655‚ÄØ000,Plateau Dakar,https://i.roamcdn.net/hz/ed/listing-thumb-224w/8ad0fe655185d468ccdfa1670e54972a/-/horizon-files-prod/ed/picture/q8v5n4wp/39d4721bc1849d6420055bf33282b1c358b9d940.jpg
